animal,scientific_name,filename,public_path,status,seed,request_id,generated_at,error
大熊猫,Ailuropoda melanoleuca,ailuropoda-melanoleuca-e9f782e9.png,/animals/ailuropoda-melanoleuca-e9f782e9.png,success,1798089395,407510f5-c3e9-9b36-9800-72928e54a2f9,2026-08-09T17:08:11+00:00,
小熊猫,Ailurus,ailurus-42c8f300.png,/animals/ailurus-42c8f300.png,success,1140726474,47232446-c4dc-9b1a-ad92-b2f87f399564,2026-08-09T17:11:12+00:00,
川金丝猴,Rhinopithecus roxellana,rhinopithecus-roxellana-657c4dc4.png,/animals/rhinopithecus-roxellana-657c4dc4.png,success,1722905998,2ebd575b-76aa-9bde-b908-b660e1e72db7,2026-08-09T17:12:22+00:00,
羚牛,Budorcas taxicolor,budorcas-taxicolor-93a7fb87.png,/animals/budorcas-taxicolor-93a7fb87.png,success,350036817,e622afa8-e056-9097-85c5-01ed6f2d6d53,2026-08-09T17:13:31+00:00,
小麂,Muntiacus reevesi,muntiacus-reevesi-f8a9ce35.png,/animals/muntiacus-reevesi-f8a9ce35.png,success,2044655103,6de17d3a-2389-978a-a81a-5b3d70a7ed16,2026-08-09T17:14:31+00:00,
豺,Cuon alpinus,cuon-alpinus-a0a8d181.png,/animals/cuon-alpinus-a0a8d181.png,success,568195403,c43d9772-e09a-924c-af2c-a0d12b95e5fe,2026-08-09T17:15:43+00:00,
中华扭角羚四川亚种,Budorcas taxicolor,budorcas-taxicolor-9bdcfc77.png,/animals/budorcas-taxicolor-9bdcfc77.png,success,487728193,61ac83c7-69b6-90c1-8b32-151b654bcd41,2026-08-09T17:16:41+00:00,
双角犀鸟,Buceros bicornis,buceros-bicornis-ac7dfbdd.png,/animals/buceros-bicornis-ac7dfbdd.png,success,766714791,01a0b1bf-2157-947e-883f-1493fe7553e4,2026-08-09T17:17:44+00:00,
花冠皱盔犀鸟,Rhyticeros undulatus,rhyticeros-undulatus-859ac268.png,/animals/rhyticeros-undulatus-859ac268.png,success,114289202,39d51635-d9d4-952b-9ecf-e0acf320ef1e,2026-08-09T17:18:53+00:00,
大猩猩,Gorilla,gorilla-7b474d96.png,/animals/gorilla-7b474d96.png,success,2088531296,607aa256-b616-92d8-9c39-2edfd80f5f56,2026-08-09T17:19:57+00:00,
长颈鹿,Giraffa,giraffa-820851c2.png,/animals/giraffa-820851c2.png,success,54360460,f0d8f9a6-7aa1-9e39-abc2-5070110d50bd,2026-08-09T17:21:16+00:00,
斑马,Hippotigris,hippotigris-329b1290.png,/animals/hippotigris-329b1290.png,success,869284442,b1c94684-2470-9128-960e-2f1fd5f365d6,2026-08-09T17:22:15+00:00,
角马,Connochaetes,connochaetes-6560fb28.png,/animals/connochaetes-6560fb28.png,success,1721115378,516438a4-8875-986e-8152-4ebb24471eca,2026-08-09T17:23:29+00:00,
赤猴,Erythrocebus patas,erythrocebus-patas-563d9674.png,/animals/erythrocebus-patas-563d9674.png,success,1467137598,4e2b0287-ca82-97b6-bfe8-71eae0c49d2a,2026-08-09T17:24:35+00:00,
黑白疣猴,Colobus guereza,colobus-guereza-a954b7e2.png,/animals/colobus-guereza-a954b7e2.png,success,713678764,1b8baf67-539a-934a-a19b-a12287ca3942,2026-08-09T17:25:41+00:00,
赤大袋鼠,Macropus rufus,macropus-rufus-7f52647c.png,/animals/macropus-rufus-7f52647c.png,success,8883270,653bea01-7e02-9631-8f9f-3a6c5c798306,2026-08-09T17:27:07+00:00,
岩大袋鼠,Macropus robustus,macropus-robustus-0bf9dda8.png,/animals/macropus-robustus-0bf9dda8.png,success,221185394,77bb0cb8-b8e7-96d5-bae4-d17a95c55298,2026-08-09T17:28:21+00:00,
黑天鹅,Cygnus atratus,cygnus-atratus-833728fd.png,/animals/cygnus-atratus-833728fd.png,success,74207431,701967f0-9a27-9692-b83b-1d20cabeca1b,2026-08-09T17:29:15+00:00,
环尾狐猴,Lemur catta,lemur-catta-2c18db54.png,/animals/lemur-catta-2c18db54.png,success,760087326,0ec9eec9-0caf-9254-98b0-cebde73efba8,2026-08-09T17:30:24+00:00,
褐美狐猴,Eulemur fulvus,eulemur-fulvus-0fbd4654.png,/animals/eulemur-fulvus-0fbd4654.png,success,284323358,c21ed443-e53c-9229-871a-70b583f1de0f,2026-08-09T17:31:39+00:00,
黑白领狐猴,Varecia variegata,varecia-variegata-cbd174f3.png,/animals/varecia-variegata-cbd174f3.png,success,1292278973,458d2e62-493d-91c7-a71d-c7d16c4a1748,2026-08-09T17:32:37+00:00,
獐子,Hydropotes inermis,hydropotes-inermis-784353ea.png,/animals/hydropotes-inermis-784353ea.png,success,2037939124,22c8677b-2e13-9b7a-bdc6-764e0f163fa3,2026-08-09T17:33:35+00:00,
扬子鳄,Alligator sinensis,alligator-sinensis-ecae32b5.png,/animals/alligator-sinensis-ecae32b5.png,success,1843616383,cee4d3dd-30bd-9c99-80d7-621a7dc36de5,2026-08-09T17:34:25+00:00,
野猪,Sus scrofa,sus-scrofa-5f5276f8.png,/animals/sus-scrofa-5f5276f8.png,success,1619500738,5421d5b8-3bd4-92b3-aa06-8ff43cd5f6c0,2026-08-09T17:35:28+00:00,
赤狐,Vulpes vulpes,vulpes-vulpes-f502fe47.png,/animals/vulpes-vulpes-f502fe47.png,success,1983391249,43a9507e-f7ed-9927-86c9-208996b06799,2026-08-09T17:36:20+00:00,
鼬獾,Melogale moschata,melogale-moschata-45bb6381.png,/animals/melogale-moschata-45bb6381.png,success,1190169419,5b2edc05-bfea-9500-ade4-37f4f15b6d78,2026-08-09T17:37:18+00:00,
貉,Nyctereutes procyonoides,nyctereutes-procyonoides-82c41b59.png,/animals/nyctereutes-procyonoides-82c41b59.png,success,66667299,932e0f6a-9679-951c-aa6a-1ac35a3380b7,2026-08-09T17:38:52+00:00,
水獭,Lutrinae,lutrinae-fe6a0633.png,/animals/lutrinae-fe6a0633.png,success,2141138429,86130f51-9f70-9dac-bf7d-ca9d66d9240e,2026-08-09T17:39:58+00:00,
黄鼬,Mustela sibirica,mustela-sibirica-98217a37.png,/animals/mustela-sibirica-98217a37.png,success,425107969,7f598566-2ebf-9d9d-aed7-709c4672eb30,2026-08-09T17:40:59+00:00,
东方蝾螈,Hypselotriton orientalis,hypselotriton-orientalis-4f454496.png,/animals/hypselotriton-orientalis-4f454496.png,success,1350200416,7bff5eb2-5587-93f5-a183-faed49c06ba7,2026-08-09T17:42:03+00:00,
大麻鳽,Botaurus stellaris,botaurus-stellaris-85dfbce8.png,/animals/botaurus-stellaris-85dfbce8.png,success,118809778,a4cb84e3-8874-92d8-902b-46d9eaae68d8,2026-08-09T17:43:10+00:00,
苍鹭,Ardea cinerea,ardea-cinerea-c72f7d15.png,/animals/ardea-cinerea-c72f7d15.png,success,1214555359,efb24059-4579-9aa9-977c-5e20d285562b,2026-08-09T17:44:08+00:00,
豪猪,,animal-067fd634.png,/animals/animal-067fd634.png,success,129302014,5a457363-99a0-964e-b80f-8a08dd76ec66,2026-08-09T17:44:52+00:00,
黑眉锦蛇,Orthriophis taeniurus,orthriophis-taeniurus-93b198c2.png,/animals/orthriophis-taeniurus-93b198c2.png,success,350666892,22b86cf1-ac0d-9ba4-864d-37aa54c19240,2026-08-09T17:46:23+00:00,
细尾獴,Suricata suricatta,suricata-suricatta-f86eaf58.png,/animals/suricata-suricatta-f86eaf58.png,success,2040780578,f60edc5d-36fc-9cda-a669-6532710c2570,2026-08-09T17:47:29+00:00,
狼,Canis lupus,canis-lupus-dc5e4269.png,/animals/canis-lupus-dc5e4269.png,success,1569942067,dc09e106-6000-94a5-9091-ed353a2f27f7,2026-08-09T17:48:35+00:00,
薮猫,Leptailurus serval,leptailurus-serval-28c3dd7d.png,/animals/leptailurus-serval-28c3dd7d.png,success,704185671,ed0352a1-a1c6-9fde-8bce-9ebef79394a9,2026-08-09T17:49:29+00:00,
狞猫,Caracal caracal,caracal-caracal-89ca096a.png,/animals/caracal-caracal-89ca096a.png,success,184496436,4bb017cd-9cf8-9038-b6ab-76673c04f783,2026-08-09T17:50:30+00:00,
美洲豹,Panthera onca,panthera-onca-82ea7105.png,/animals/panthera-onca-82ea7105.png,success,69179599,5214230f-657a-9eac-a4c6-f09ab7ea007f,2026-08-09T17:51:49+00:00,
猞猁,Lynx lynx,lynx-lynx-41428894.png,/animals/lynx-lynx-41428894.png,success,1115140190,288c0173-83fd-98e9-a859-20c04522ac40,2026-08-09T17:52:53+00:00,
豹,Panthera pardus,panthera-pardus-755c7d62.png,/animals/panthera-pardus-755c7d62.png,success,1989256492,7d5a7291-5620-9aeb-bdc6-7a32bf7484bb,2026-08-09T17:53:48+00:00,
豹猫,Prionailurus bengalensis,prionailurus-bengalensis-5c1b6dc6.png,/animals/prionailurus-bengalensis-5c1b6dc6.png,success,1565562256,30e50d15-6ea6-9987-aa4c-05ca6f71812f,2026-08-09T17:54:53+00:00,
东北虎,Panthera tigris altaica,panthera-tigris-altaica-74fea942.png,/animals/panthera-tigris-altaica-74fea942.png,success,1983107340,011dce7d-00d4-9872-8525-a7f6e156c8ec,2026-08-09T17:55:54+00:00,
孟加拉虎,Panthera tigris tigris,panthera-tigris-tigris-a06a230a.png,/animals/panthera-tigris-tigris-a06a230a.png,success,564087508,450c95a2-c353-93ea-b9bd-6ff0796df089,2026-08-09T17:57:18+00:00,
猕猴,Macaca,macaca-6b8ab721.png,/animals/macaca-6b8ab721.png,success,1824513771,535489cb-3037-9fdc-8937-c445014e1a6a,2026-08-09T17:58:21+00:00,
白眉长臂猿,Hoolock,hoolock-07720c69.png,/animals/hoolock-07720c69.png,success,145175603,ea15d17c-eef8-9521-8744-f916b3bbf6f4,2026-08-09T17:59:32+00:00,
白鹇,Lophura nycthemera,lophura-nycthemera-08b83702.png,/animals/lophura-nycthemera-08b83702.png,success,166551244,fb73a624-8c70-99ec-bc58-abc2cdc3b53f,2026-08-09T18:00:34+00:00,
鸬鹚,Phalacrocorax carbo,phalacrocorax-carbo-6a4d20a3.png,/animals/phalacrocorax-carbo-6a4d20a3.png,success,1803700333,0b7c64cc-e4b4-984b-8ffd-609330d01078,2026-08-09T18:01:28+00:00,
考拉,Phascolarctos cinereus,phascolarctos-cinereus-d26f788b.png,/animals/phascolarctos-cinereus-d26f788b.png,success,1403297877,3c89072f-2148-91d2-add5-b83c457fea43,2026-08-09T18:02:30+00:00,
象,Elephantidae,elephantidae-1f20d2e4.png,/animals/elephantidae-1f20d2e4.png,success,542505646,ee5103d3-1315-98f5-affa-48bcd3e33658,2026-08-09T18:03:26+00:00,
白颊长臂猿,Nomascus leucogenys,nomascus-leucogenys-c9609669.png,/animals/nomascus-leucogenys-c9609669.png,success,1251327539,8395fdae-1ffd-94c5-b751-161c5b366a4a,2026-08-09T18:04:21+00:00,
白掌长臂猿,Hylobates lar,hylobates-lar-7e3a7e9e.png,/animals/hylobates-lar-7e3a7e9e.png,success,2138023528,1fa14535-cda4-9948-a069-cead35d0f21e,2026-08-09T18:05:30+00:00,
黄颊长臂猿,Nomascus gabriellae,nomascus-gabriellae-27bd16fe.png,/animals/nomascus-gabriellae-27bd16fe.png,success,686964424,99ad165b-1bcb-9064-a3ea-8e269dea3a30,2026-08-09T18:06:30+00:00,
红猩猩,Pongo,pongo-9f0eb162.png,/animals/pongo-9f0eb162.png,success,541317420,330ec4ec-3400-99da-bf99-bfebfe6acb54,2026-08-09T18:10:29+00:00,
二趾树懒,Choloepus didactylus,choloepus-didactylus-29e56fa8.png,/animals/choloepus-didactylus-29e56fa8.png,success,723162994,eb2cae48-6db7-93d0-887a-ec17990f42c8,2026-08-09T18:11:40+00:00,
蜂猴,Loris tardigradus,loris-tardigradus-8f7c01b8.png,/animals/loris-tardigradus-8f7c01b8.png,success,280045954,dbc0e1ca-e6c8-935e-b4f7-adc434efbfe2,2026-08-09T18:12:38+00:00,
东黑白疣猴,Colobus guereza,colobus-guereza-66675038.png,/animals/colobus-guereza-66675038.png,success,1738307586,e68660fa-2a0c-970e-b38f-5cf3de012ad6,2026-08-09T18:14:00+00:00,
东部灰大袋鼠,Macropus giganteus,macropus-giganteus-57d0af90.png,/animals/macropus-giganteus-57d0af90.png,success,1493555034,4984c0ec-4b4d-9059-8285-1c6ea8406310,2026-08-09T18:15:33+00:00,
中美毛臀刺鼠,Dasyprocta punctata,dasyprocta-punctata-b2e0f11e.png,/animals/dasyprocta-punctata-b2e0f11e.png,success,873863400,9205473d-0d27-998c-af48-532d953bfc6d,2026-08-09T18:16:24+00:00,
松鼠猴,Saimiri sciureus,saimiri-sciureus-7fff9c57.png,/animals/saimiri-sciureus-7fff9c57.png,success,20235297,9517c335-5276-9a1a-bebb-351a861c0472,2026-08-09T18:17:42+00:00,
双垂鹤鸵,Casuarius casuarius,casuarius-casuarius-69b0e20a.png,/animals/casuarius-casuarius-69b0e20a.png,success,1793460692,77a260cf-dcea-9562-ba85-607c0b1db23f,2026-08-09T18:18:58+00:00,
普通绒,Callithrix jacchus,callithrix-jacchus-1714e430.png,/animals/callithrix-jacchus-1714e430.png,success,407505914,6a2461ce-fcaa-9013-9d8b-ebe794b06ef6,2026-08-09T18:19:57+00:00,
南浣熊,Nasua nasua,nasua-nasua-93c65fb2.png,/animals/nasua-nasua-93c65fb2.png,success,352028540,5a5c9fa0-2fb1-9d9a-b355-817a1edd7ce4,2026-08-09T18:21:02+00:00,
棉顶楈,Saguinus oedipus,saguinus-oedipus-0390610d.png,/animals/saguinus-oedipus-0390610d.png,success,80054487,2d9e9f52-0503-9d90-817c-be53cca53c62,2026-08-09T18:22:12+00:00,
美洲红鹮,Eudocimus ruber,eudocimus-ruber-5ba65ff5.png,/animals/eudocimus-ruber-5ba65ff5.png,success,1557891007,038697f1-d896-91bc-a941-aa7f5cba36d5,2026-08-09T18:23:26+00:00,
美洲红鹳,Phoenicopterus ruber,phoenicopterus-ruber-8db5bd89.png,/animals/phoenicopterus-ruber-8db5bd89.png,success,250275155,9a621992-f7b2-9b4c-8694-c7794a74639a,2026-08-09T18:25:34+00:00,
金头狮面狨,Leontopithecus rosalia,leontopithecus-rosalia-56b5d1db.png,/animals/leontopithecus-rosalia-56b5d1db.png,success,1475017125,27c86216-996c-97f7-803a-ea45f7985a22,2026-08-09T18:26:55+00:00,
红脸蜘蛛猴,Ateles paniscus,ateles-paniscus-8690a866.png,/animals/ateles-paniscus-8690a866.png,success,130404400,80832b45-4a0c-9dd5-b132-9c688efa4780,2026-08-09T18:28:05+00:00,
红吼猴,Alouatta seniculus,alouatta-seniculus-ca4c7882.png,/animals/alouatta-seniculus-ca4c7882.png,success,1266786380,2f634258-8d95-929d-b7aa-c590a5abd701,2026-08-09T18:29:06+00:00,
赤掌縃,Saguinus midas,saguinus-midas-cfa9a131.png,/animals/saguinus-midas-cfa9a131.png,success,1356777723,edf1a14b-9fac-9b73-979c-351d3b8ac14b,2026-08-09T18:30:09+00:00,
合趾猿,Symphalangus syndactylus,symphalangus-syndactylus-c0a3e987.png,/animals/symphalangus-syndactylus-c0a3e987.png,success,1104744785,8f10bdda-e790-9f6a-bb56-0096086fb38d,2026-08-09T18:31:07+00:00,
鞭笞鵎鵼,Ramphastos toco,ramphastos-toco-41773566.png,/animals/ramphastos-toco-41773566.png,success,1118592304,1d307ca7-98b9-982d-83da-4d679a6725e3,2026-08-09T18:32:12+00:00,
白面僧面猴,Pithecia pithecia,pithecia-pithecia-65ecfba9.png,/animals/pithecia-pithecia-65ecfba9.png,success,1730290547,d2740ede-bcec-9635-8997-37c62602dfc3,2026-08-09T18:33:26+00:00,
红背须僧面猴,Chiropotes chiropotes,chiropotes-chiropotes-5716205a.png,/animals/chiropotes-chiropotes-5716205a.png,success,1481328676,3f22adc1-666b-9145-a10f-19b9a3d83cec,2026-08-09T18:34:36+00:00,
斑帆蜥,Hydrosaurus pustulatus,hydrosaurus-pustulatus-a073b743.png,/animals/hydrosaurus-pustulatus-a073b743.png,success,564715277,c041aedc-38f6-990d-a1a8-6345a558a8d6,2026-08-09T18:35:50+00:00,
六带犰狳,Euphractus sexcinctus,euphractus-sexcinctus-58b23ed5.png,/animals/euphractus-sexcinctus-58b23ed5.png,success,1508337311,3bb6c76c-5c1a-9c71-9de4-af67068e69fb,2026-08-09T18:36:51+00:00,
鸸鹋,Dromaius novaehollandiae,dromaius-novaehollandiae-b32e2440.png,/animals/dromaius-novaehollandiae-b32e2440.png,success,878922762,01a6a25c-ae1c-91f1-8478-5e83bfcbf901,2026-08-09T18:37:47+00:00,
